<?xml version="1.0"?>
<pagescount>
	<html_total>33</html_total>
	<html_done>33</html_done>
	<img>58</img>
	<js>22</js>
	<css>7</css>
	<pdf/>
	<doc/>
	<xls/>
	<ppt/>
	<swf/>
	<mp3/>
	<mp4/>
	<xml/>
	<json/>
	<txt/>
	<fonts/>
	<scraping_reload>1</scraping_reload>
	<is_pretty_url>true</is_pretty_url>
	<is_ebn>false</is_ebn>
	<email>aw336darkmidi@gmail.com</email>
	<theme_name>89639</theme_name>
	<server_url_front_page>https://www.waybackmachinedownloader.com/scraping/files/demo/panzoid.com_aw336darkmidi_gmail.com_3xhx5do3zam/</server_url_front_page>
	<no_www_url>panzoid.com</no_www_url>
	<hosted_domain/>
	<original_archive_url>https://web.archive.org/web/20170621071753/https://panzoid.com/tools/intromaker.aspx</original_archive_url>
	<final_archive_url>https://web.archive.org/web/20170323203829/https://panzoid.com/tools/intromaker.aspx</final_archive_url>
	<front_page_code_date>20170323203829</front_page_code_date>
	<total_urls_from_api/>
	<max_reached_live>false</max_reached_live>
	<scrape_other_captures>false</scrape_other_captures>
	<total_size>3924</total_size>
</pagescount>
